Rébecca;Compere;;rebeccacompere@example.org;+33085552814
Compere;Rébeca;;rebeccacompere@example.org;+33085552814
Compere;Rébecca;;rebeccacompere@example.org;+33085552814
Lozé;Lesly;Fledgling;lesly_loze@example.net;
Figuier;Angélique;;angelique.figuier@example.com;+33035555744
Figuier;Angélique;;angelique.figuier@example.com;+33035555744
Paityn;;Baby;Baby158@example.com;+33035550586
;Paityn;Baby;Baby158@example.com;+33035550586
Kaplan;Sophie;;sophie_kaplan@example.org;+33055582879
Kaplan;Sophie;;;+33055582879
Calanico;D'Antoni;Melon;calanico_dantoni@example.org;+33000555355
D'Antoni;Calanico;;calanico_dantoni@example.org;+33000555355
;;Melon;calanico_dantoni@example.org;+33000555355
Hauet;Élise;;elise.hauet@example.com;+33045551510
Bittencourt;Vincent;Porcupint;vincent.bittencourt@example.com;+33085556737
Corne;Christine;;;+33055588479
Cordonnier;Geoffroy;Stitches;geoffroy.cordonnier@example.com;+33055541000
;;Stitches;geoffroy.cordonnier@example.com;+33055541000
Rigal;Éliisabeth;;elisabeth_rigal@example.com;+33085551092
Niel;Rose-Marie;;rose.marie_niel@example.net;
Bethune;Lauurent;Leaf123;Leaf1235364@example.com;+33055542145
Brazier;Gaëtane;;gaetanebrazier@example.com;+33045553498
Ardouin;Murielle;Piagnome;murielle_ardouin@example.com;+33049922249
Adrienne;Chabert;;adrienne_chabert@example.net;+33000555766
Gaudreau;Odile;;odilegaudreau@example.org;+33095092074
Manaudou;Catherine;;catherine_manaudou@example.net;+33055565849
Manaudou;Catherine;;catherine_manaudou@example.net;+33006976771
Norbert;Tourneur;;norbert.tourneur@example.org;+33055516208
AL-GULER;ILYAAS;;ilyaas_al.guler@example.net;+33055588498
Escoffier;Micheline;;micheline.escoffier@example.net;+33000555373
Laurens;Muriel;;muriel.laurens@example.org;+33075555171
Laurens;Muriel;;muriel.laurens@example.net;+33006116604
Laurens;Muriel;;muriel_laurens@example.net;+33075555171
Bettencourt;Chloé;;chloe_bettencourt@example.com;+33085550834
Duhamel;Alexia;;Dinosaur5991@example.net;
DUHAMEL;ALEXIA;Dinosaur;Dinosaur5991@example.net;+33000555226
Duhamel;Alexia;Dinosaur;Dinosaur5991@example.net;+33(0)0 00 55 52 26
;Emmeline;;emmeline_lemoine@example.org;+33055516464
Lemoine;Emmeline;Emmeline;emmeline_lemoine@example.org;+33055516464
Emmeline;Lemoine;;emmeline_lemoine@example.org;+33055516464
Tourneur;Roddolphe;;;+33(0)0.00.55.54.48
Botrel;Perrine;;perrine.botrel@example.com;+33023900587
Berger;Lambert;;lambert.berger@example.net;+33045558211
Thévenet;Camile;;camille_thevenet@example.com;+33055555878
CAMILLE;THÉVENET;;camille_thevenet@example.com;+33055555878
Thévenet;Camille;;camille_thevenet@example.com;
Philidor;Maïïté;;maitephilidor@example.net;+33035552507
Noir;Laetitia;;laetitia.noir@example.net;+33055523841
NOIR;LAETITIA;;laetitia.noir@example.net;+33055523841
Noir;Laetitia;;laetitia.noir@example.net;+33055523841
Gérard;Maxence;Lamb;Lamb5300@example.org;+33066267618
Pelletier;Nicolette;;nicolettepelletier@example.com;0055528721
Pelletier;Nicolette;;nicolettepelletier@example.com;+33055528721
Peletier;Nicolette;;nicolettepelletier@example.com;+33055528721
Malet;Hélène;Chimera;helenemalet@example.net;+33075552706
Malet;Hélène;;helene.malet@example.net;+33075552706
Malet;Héllène;Chimera;helene.malet@example.net;+33075552706
;;Wombat;Wombat5951@example.org;+33055538074
Courvoisier;Marie-Christine;Sheep;;+33055519626
Courvoisier;Fabien;;fabiencourvoisier@example.net;
About;Axelle;;axelle_about@example.org;00-00-55-55-03
Tiwari;Ajay;;ajaytiwari@example.org;+330.55.50.61.99
Tiwari;Ajay;;ajay_tiwari@example.org;+33055506199
;Ajay;;ajaytiwari@example.org;+33055506199
Adnet;Dennis;;denis.adnet@example.net;+33085553214
Robiquet;Édouard;;edouard.robiquet@example.net;+33075554457
BETTENCOURT;ÉLOÏSE;Ogremlin;Ogremlin3595@example.org;+33000555294
Ménétries;Didier;;didier_menetries@example.com;+33000555225
;Didier;;didier_menetries@example.com;+33000555225
MÉNÉTRIES;DIDIER;;didier_menetries@example.com;+33000555225
Besnard;Leila;;leilabesnard@example.net;
Besnard;Leila;;;+33055562840
Passereau;Inès;;inespassereau@example.net;+33055595164
Mallette;Blanche;;Droid2290@example.com;+33055551065
;Bérénice;Geckoco888;berenice.lafleche@example.org;+33000555882
Laflèche;Bérrénice;Geckoco888;berenice.lafleche@example.org;+33000555882
Marchand;Clélia;;clelia.marchand@example.net;+33000555030
Chauve;Mathéo;;matheochauve@example.net;+33000555122
Manoury;Pauline;Pauline;pauline_manoury@example.net;+33045552485
;Pauuline;;pauline_manoury@example.net;+33045552485
Compere;Rébecca;Rébecca;rebecca_compere@example.net;+33085552814
Compere;Rébecca;;;+33085552814
LOZÉ;LESLY;Fledgling;lesly_loze@example.com;+33045550388
Lozé;Lesly;Fledgling;lesly_loze@example.com;+33(0)0-45-55-03-88
FIGUIER;ANGÉLIQUE;;angeliquefiguier@example.com;+33035555744
Bean;Paityn;Baby;paitynbean@example.com;+33035550586
;Paityn;Baby;paitynbean@example.com;+33035550586
Kaplan;Sophie;;sophie_kaplan@example.com;+33055582879
D'Antoni;Calanico;Melon;Melon431@example.org;+33(0)0-00-55-53-55
D'Antoni;Calanico;Melon;Melon431@example.org;+33035211397
D'Antoni;Calanico;Melon;Melon431@example.org;+33000555355
Hauet;Élise;;elisehauet@example.net;+33045551510
Hauet;Élise;;;+33045551510
Bittencourt;Vincent;Porcupint;vincent.bittencourt@example.org;+33085556737
Vincent;Bittencourt;Bittencourt;vincent.bittencourt@example.org;+33085556737
Christine;Corne;;christine.corne@example.org;+33055588479
;CHRISTINE;;;+33055588479
Cordonier;Geoffroy;Stitches;Stitches5664@example.org;+33055541000
Geoffroy;Cordonnier;Stitches;Stitches5664@example.org;+33055541000
Rigal;Élisabeth;;elisabeth_rigal@example.com;+33085551092
Rigal;Élisabeth;;;+33085551092
Rose-Marie;Niel;;rose.marie.niel@example.org;+33085553361
Bethune;Laurent;Leaf123;laurent_bethune@example.org;+33075032525
;Gaëtane;;gaetane_brazier@example.net;
ardouin;murielle;Piagnome;Piagnome3717@example.com;+33055535947
Chabert;Adrienne;;adrienne.chabert@example.org;
Gaudreau;Odile;;odile.gaudreau@example.net;+33085554242
MANAUDOU;CATHERINE;;catherinemanaudou@example.net;+33055565849
Manaudou;Catherine;;;+33055565849
;Catherine;;catherinemanaudou@example.net;+33055565849
Tourneur;Norbert;;norberttourneur@example.com;+33055516208
al-guler;ilyaas;;ilyaas_al.guler@example.com;+33055588498
al-guler;ilyaas;;ilyaas_al.guler@example.com;+33055588498
Micheline;Escoffier;;micheline_escoffier@example.net;+33000555373
Escoffier;Micheline;Micheline;micheline_escoffier@example.net;+33000555373
laurens;muriel;;muriel.laurens@example.org;+33075555171
Laurens;Muriel;;;00-75-55-51-71
Laurens;Muriel;;muriel.laurens@example.org;+33075555171
Bettencourt;Chloé;;chloe.bettencourt@example.org;+33085550834
bettencourt;chloé;;chloe.bettencourt@example.org;+33085550834
Duhamel;Alexia;Dinosaur;Dinosaur5665@example.com;+33000555226
Duhamel;Alexia;Dinosaur;Dinosaur5665@example.com;
lemoine;emmeline;;emmeline_lemoine@example.com;+33055516464
Emmeline;Lemoine;;emmeline_lemoine@example.com;+33055516464
TOURNEUR;RODOLPHE;;rodolphe_tourneur@example.org;+33000555448
Botrel;Perrine;;perrinebotrel@example.org;+33000555685
Berger;Lambert;;lambert_berger@example.net;+33045558211
berger;lambert;;lambert_berger@example.net;+33045558211
BERGER;LAMBERT;;lambert_berger@example.net;+33045558211
Thévenet;Camille;;camillethevenet@example.com;+33055555878
Thévenet;Camille;;camillethevenet@example.net;+33055555878
Thévenet;Camille;;camillethevenet@example.net;00-55-55-58-78
Philidor;Maïïté;;maitephilidor@example.com;+33035552507
Philidor;Maïté;;maite.philidor@example.org;+33035552507
Noir;Laetitia;;laetitia_noir@example.net;
Noir;Laetitia;;laetitia_noir@example.net;+33055523841
Noir;Laetitia;;laetitia_noir@example.net;+33055523841
Maxence;Gérard;Lamb;maxence_gerard@example.org;+33055554424
Pelletier;Nicolette;;nicolettepelletier@example.org;+33055528721
Malet;Hélène;Chimera;helenemalet@example.org;+33054012137
Malet;Hélène;Hélène;helenemalet@example.org;+33075552706
;;Chimera;helenemalet@example.org;+33075552706
Rosalie;De Villiers;Wombat;Wombat9625@example.net;+33055538074
De Villiers;Rosalie;Wombat;;+33055538074
De Villiers;Rosalie;Wombat;rosalie_devilliers@example.org;+33055538074
Courvoisier;Marie-Christine;Sheep;marie.christine_courvoisier@example.com;+33055519626
Courvoisier;Fabien;;fabien_courvoisier@example.org;+330.45.55.69.06
Courvoisier;Fabien;Fabien;fabien_courvoisier@example.org;+33045556906
Courvoisier;Fabien;;fabien_courvoisier@example.org;+33045556906
About;Axelle;;axelleabout@example.org;+33000555503
TIWARI;AJAY;;ajay_tiwari@example.com;+33055506199
Adnet;Denis;;denis_adnet@example.com;+33085553214
Robiquet;Édouard;;edouard_robiquet@example.net;
Betencourt;Éloïse;Ogremlin;eloise.bettencourt@example.org;+33000555294
Ménétries;Didier;;didiermenetries@example.com;
Ménétries;Didier;;didiermenetries@example.com;
Besnard;Leila;;leilabesnard@example.net;+33055562840
Passereau;Inès;;ines.passereau@example.net;+330 55 59 51 64
Passereau;Inès;;;+33055595164
PASSEREAU;INÈS;;ines.passereau@example.net;+33055595164
MALLETTE;BLANCHE;Droid;Droid1567@example.org;+33055551065
Mallette;Blanche;Droid;Droid1567@example.org;+33(0)055551065
MALLETTE;BLANCHE;Droid;Droid1567@example.org;+33055551065
Laflèche;Bérénice;Bérénice;Geckoco8882028@example.com;+33000555882
Laflèche;Bérénice;;Geckoco8882028@example.com;+33000555882
laflèche;bérénice;Geckoco888;Geckoco8882028@example.com;+33000555882
Marchand;Clélia;;clelia.marchand@example.org;+33000555030
chauve;mathéo;;matheochauve@example.net;+33000555122
Chauve;Mathéo;;matheochauve@example.org;+33000555122
Chauve;Mathéo;;matheochauve@example.net;+33000555122
Manoury;Pauline;;paulinemanoury@example.net;+33045552485
GÉRIN-LAJOIE;DANIÈLE;;danielegerin.lajoie@example.net;+33055511986
el-Sultana;Labeeb;Custard;;+33055514762
el-Sultana;Labeeb;Custard;Custard8227@example.net;+33055514762
Boudreaux;Jérôme;Gnu;Gnu1138@example.org;+33000555677
Gardet;Solenn;;solenngardet@example.com;+33000555042
ARCENEAUX;BASTIEN;Orangutan;bastien_arceneaux@example.net;+33055526553
Courbis;Matthias;;matthias_courbis@example.net;+33000555182
Courbis;Matthias;;matthias_courbis@example.net;+33000555182
courbis;matthias;;matthias_courbis@example.net;+33000555182
Clérico;Julienne;;julienne.clerico@example.com;0055507370
Moitessier;Simon;;simon_moitessier@example.org;
Moitessier;Simon;;simonmoitessier@example.org;+33065558750
Rousseau;Aline;;alinerousseau@example.org;+33000555579
Rousseau;Aline;;alinerousseau@example.org;+33003459448
rousseau;aline;;alinerousseau@example.org;+33000555579
;;Owl;aline_rousseau@example.com;+33055551837
Bourcier;Pierrette;Pierrette;pierrettebourcier@example.com;+330.55.52.77.16
Bourcier;Pierrette;;pierrettebourcier@example.com;+33055527716
Bourcier;Pierrette;;pierrettebourcier@example.com;+33055527716
ASSELINEAU;CÉCILE;Rivalkyrie;cecile_asselineau@example.net;+33085558348
cartier;marie-madeleine;;marie.madeleine.cartier@example.com;+33055569481
Gardet;Désiré;;desire_gardet@example.net;+33085557946
Harris;William;;;00.55.57.34.05
Cazenave;Jean-Loup;;jean.loup.cazenave@example.org;+33035558865
CAZENAVE;JEAN-LOUP;;jean.loup.cazenave@example.org;+33035558865
Cazenave;Jean-Loup;;jean.loupcazenave@example.net;+33035558865
Abadie;Albane;Komodough;albaneabadie@example.com;+33000555834
Reverdin;Léo;;leoreverdin@example.org;+33045550603
Reverdin;Léoo;Paladin;leoreverdin@example.org;+33045550603
el-Abed;Shukriyya;;shukriyya.el.abed@example.org;+33055557808
el-Abed;Shukriyya;;shukriyya.el.abed@example.org;+33(0)0-55-55-78-08
breguet;ernest;;ernest_breguet@example.net;+33075554544
Breguet;Ernest;Ernest;ernest_breguet@example.net;+33075554544
Vidal;Edmond;;edmond_vidal@example.com;+33099891958
Vidal;Edmond;;edmond_vidal@example.com;+330-55-59-77-78
Deniau;Blandine;;blandine_deniau@example.org;+33000555453
Allaire;Lucien;Slother;;+33055557287
Issac;Ram;;ram.issac@example.com;00-55-58-65-90
Touchard;Georges;Domignome;georges.touchard@example.com;+33075555876
;Georges;Domignome;georges.touchard@example.com;+33075555876
Lefrançois;Claudie;;;+33000555533
Lefrançois;Claudie;Claudie;claudie_lefrancois@example.org;+33000555533
Lefrançois;Claudie;;;+33000555533
Escoffier;Thierry;Bot;Bot8194@example.net;+33055500605
Philippon;Suzanne;Suzanne;suzanne_philippon@example.net;+33055502280
Philippon;Suzanne;;suzanne_philippon@example.net;+33015973005
philippon;suzanne;;suzanne_philippon@example.net;+33055502280
Cerci;Ayboga;Walker;ayboga.cerci@example.org;+33000555212
Giraud;Solenn;;;+33075556656
Giraud;Solenn;;solenn.giraud@example.org;
Courbis;Sylvia;;sylvia_courbis@example.net;+33055514177
blevins;darnell;;darnell_blevins@example.org;+33045552559
Blevins;Darnell;Darnell;darnell_blevins@example.org;+33045552559
GENET;LYDIA;Frog;Frog4169@example.com;+33065557561
;;Frog;Frog4169@example.com;+33065557561
dutertre;gwenaëlle;;gwenaelledutertre@example.net;+33085554047
Dutertre;Gwenaëlle;;;+33085554047
Brugière;Reine;Reine;reine.brugiere@example.com;+33035551858
BRUGIÈRE;REINE;;reine.brugiere@example.com;+33035551858
Abadie;Nicolas;;nicolas.abbadie@example.org;+33055537536
;Nicolas;;nicolas.abbadie@example.org;+33055537536
Ouvrard;René;;reneouvrard@example.org;+33045556019
OUVRARD;RENÉ;;rene.ouvrard@example.org;+33045556019
;René;;rene.ouvrard@example.org;
Lara;Charbonneau;Crocodino29;Crocodino299699@example.net;+33055554627
Benoît;Beaudouin;;benoitbeaudouin@example.net;+33000555197
;Simonne;;simonne.thiers@example.org;+33035558570
Barnier;Élie;;elie.barnier@example.com;+33045559744
BARNIER;ÉLIE;;elie.barnier@example.com;+33045559744
Barnier;Élie;;;+33045559744
Vaugeois;Joëlle;;joellevaugeois@example.net;+33085557596
;Roméo;Demon;romeo.botrel@example.net;+33085551355
;Roméo;Demon;romeo.botrel@example.net;+33085551355
Botrel;Roméo;Roméo;romeo.botrel@example.net;+33085551355
Batteux;Lucille;Thunder;;+33055511273
Bhagat;Gauri;Spillager;Spillager7814@example.com;+33055537882
Dujardin;Ludovic;Spirit;;+33055500223
dujardin;ludovic;Spirit;ludovic_dujardin@example.com;+33055500223
;Véronique;;veronique.messier@example.org;+33018387677
Bonhomme;Jean-Noël;;jean.noelbonhomme@example.com;+33054211767
Bonhomme;Jean-Noël;;jean.noelbonhomme@example.com;+33055589050
Bonhomme;Jean-Noël;;jean.noelbonhomme@example.com;0055589050
Choffard;Ameline;;amelinechoffard@example.org;+33055532252
Renaudin;Olivier;;;+33000555786
Renaudin;Olivier;;olivier_renaudin@example.org;+33088783201
Renaudin;Olivier;;olivier_renaudin@example.org;+33099802370
Manaudou;Gaylord;Gaylord;gaylord_manaudou@example.org;+33065555734
Manaudou;Gaylord;;;+33065555734
Manaudou;Gayylord;;gaylord_manaudou@example.org;+33065555734
lafromboise;romaine;Banditto;Banditto7416@example.com;+33055520502
Panno;Caronte;;Orange945352@example.com;+33055569871
Caronte;Panno;Orange94;Orange945352@example.com;+33055569871
Panno;Caronte;Orange94;;+33055569871
Bouthillier;Justine;;justine_bouthillier@example.net;+33000555791
Bouthillier;Justine;;justine_bouthillier@example.net;+33000555791
Tremblay;Léonard;;leonard.tremblay@example.net;+33076093618
Tremblay;Léonard;;leonard.tremblay@example.net;+33000555927
;Gaëlle;;gaelle.barrande@example.net;+33075559979
BARRANDE;GAËLLE;;gaelle.barrande@example.net;+33075559979
PLESSIS;LAËTITIA;;laetitiaplessis@example.org;+33000555441
Bacque;Fiona;;fiona.bacque@example.net;+33000555636
el-Noori;Zuraara;;zuraara.el.noori@example.org;+33055551777
Couvreur;Alexis;;alexis_couvreur@example.com;+33055550540
Delafose;Gautier;;gautierdelafose@example.org;+330 35 55 64 30
Delafose;Gautier;;gautierdelafose@example.org;+33035556430
De Villepin;Jean;Phoenixia;;+33000555837
de villepin;jean;Phoenixia;Phoenixia8122@example.org;+33000555837
De Villepin;Jean;Phoenixia;Phoenixia8122@example.org;+33(0)0.00.55.58.37
Gaby;Darche;;gaby_darche@example.org;+33045550668
Carbonneau;Rosalie;;rosaliecarbonneau@example.org;+33055588089
Carbonneau;Rosalie;;;+33055588089
Carbonneau;Rosalie;;rosaliecarbonneau@example.org;
Lebas;Abelone;;abelone.lebas@example.net;+33000555466
Girault;Hubert;;hubert.girault@example.org;+33045556357
Girault;Hubert;Hubert;hubert.girault@example.org;+33045556357
Duhamel;Béatrice;;beatriceduhamel@example.net;+33042923759
;Béatrice;;beatriceduhamel@example.net;+33000555547
Ballesdens;Céleste;;celesteballesdens@example.net;
Deslys;Lucile;Lucile;lucile.deslys@example.org;+33055509263
Lucile;Deslys;;lucile.deslys@example.org;+33055509263
Lucile;Deslys;;lucile.deslys@example.org;+33055509263
Édouard;Lesly;;lesly_edouard@example.net;+33075553029
De Villiers;Jennifer;;jennifer.devilliers@example.com;+33093768430
De Villiers;Jennifer;;jennifer.devilliers@example.com;
De Villiers;Jennifer;;jennifer.devilliers@example.com;+33055559226
Desjardins;Alex;;alexdesjardins@example.com;+33055552413
Desjardins;Alex;;alex.desjardins@example.com;00-55-55-24-13
Desjardins;Alex;;alex.desjardins@example.com;+33055552413
Héroux;Victoria;;victoria.heroux@example.org;+33055558411
Héroux;Victoria;;victoria.heroux@example.org;+33093029446
Trintignant;Francis;;francis.trintignant@example.com;+33055578595
Trintignant;Francis;;francis.trintignant@example.com;
Trintignant;Francis;;francis_trintignant@example.org;+33055578595
;Qisma;;qismael.hasan@example.org;+33000555500
el-Hasan;Qisma;;qisma.el.hasan@example.net;+33000555500
beauchamp;maéva;;maeva.beauchamp@example.net;+33000555850
Beauchamp;Maéva;;maeva_beauchamp@example.net;+33000555850
Levett;Élise;;elise.levett@example.org;00-55-56-92-96
Levet;Élise;;elise.levett@example.org;+33055569296
;;Locust;Locust1681@example.com;+33000555017
Barthet;Angeline;Locust;Locust1681@example.com;+33000555017
Barthet;Anggeline;Locust;Locust1681@example.com;+33000555017
Sayin;Kizil;Octopirate;Octopirate8874@example.org;+33000555196
Sayin;Kizil;;Octopirate8874@example.org;+33000555196
;;Octopirate;kizilsayin@example.com;+33000555196
Chardin;Albertine;Albertine;albertinechardin@example.net;+33055582026
Albertine;Chardin;Khajiit;albertinechardin@example.net;+33055582026
Gaubert;Barthélemy;;;+33000555354
Hurst;Briley;;briley_hurst@example.org;0000555302
;Aymeric;Jaguwar;aymeric_@example.net;+33055555531
Munshi;Ishvara;;;+33075550641
Dubos;Myriam;Saladiator;Saladiator1090@example.org;+33055527882
dubos;myriam;Saladiator;Saladiator1090@example.org;+33055527882
Rouzet;Anne-Laure;Raspberry;Raspberry7086@example.com;+33055556633
;;Raspberry;anne.laurerouzet@example.net;+330-55-55-66-33
Rouzet;Anne-Laure;;Raspberry7086@example.com;+33055556633
Gérald;Lydia;;lydia.gerald@example.net;+33055562346
Périer;Régine;;regine_perier@example.com;+33000555204
Hennequin;Irène;;irenehennequin@example.com;+33000555677
Hennequin;Irène;;irenehennequin@example.com;+33000555677
Delannoy;Florian;;florian.delannoy@example.org;+33055527320
Bruneau;Viviane;Viviane;Spookworm7637@example.com;+33000555132
Bruneau;Viviane;;Spookworm7637@example.com;+33000555132
Bruneau;Viviane;Viviane;Spookworm7637@example.com;+33000555132
boissonade;stéphane;;stephaneboissonade@example.org;+33000555082
Hiranyagarbha;Reddy;Villain;hiranyagarbhareddy@example.net;+33035557344
;Hiranyagarbha;Villain;hiranyagarbhareddy@example.net;+33035557344
Redy;Hiranyagarbha;Villain;hiranyagarbhareddy@example.net;+33035557344
Lafaille;Léonard;;leonard_lafaille@example.org;+33000555687
lafaille;léonard;;leonard_lafaille@example.org;+33000555687
Lafaille;Léonard;;leonard_lafaille@example.org;
Guilloux;Sarah;;sarah_guilloux@example.org;+33085552877
Côté;Éléonore;;eleonore_cote@example.com;+33000555070
Dutertre;Audrey;;audrey.dutertre@example.com;+330.55.57.26.90
matthieu;roselyne;Asprince;Asprince8720@example.org;+33055554253
pleimelding;thaddée;Rascalf;Rascalf601@example.org;+33055538944
;Thaddée;Rascalf;Rascalf601@example.org;+33055538944
Boulanger;Océane;;oceane.boulanger@example.org;+33035553381
Compere;Rébeca;;rebeccacompere@example.org;+33085552814
Compere;Rébecca;;;+33085552814
COMPERE;RÉBECCA;;rebeccacompere@example.org;+33085552814
Lozé;Lesly;Fledgling;Fledgling4390@example.org;+33045550388
LOZÉ;LESLY;Fledgling;Fledgling4390@example.org;+33045550388
lozé;lesly;Fledgling;Fledgling4390@example.org;+33045550388
Figuier;Angélique;;angelique.figuier@example.org;+33035555744
;Angélique;;angelique.figuier@example.org;+33035555744
Figuier;Angélique;;angelique.figuier@example.org;
Bean;Paityn;Baby;Baby2909@example.net;+33035550586
Paityn;Bean;Baby;Baby2909@example.net;+33035550586
Kaplan;Sophie;;sophiekaplan@example.net;+33055582879
D'Antoni;Calanico;Melon;calanicodantoni@example.net;
D'Antoni;Calanico;Melon;calanicodantoni@example.net;+33062630221
Hauet;Élise;;elise_hauet@example.org;+33045551510
Élise;Hauet;;elise_hauet@example.org;+33045551510
Hauet;Élise;;elise_hauet@example.org;+33045551510
Bittencourt;Vincent;Porcupint;Porcupint1782@example.org;+33085556737
Bittencourt;Vincent;Vincent;Porcupint1782@example.org;+33085556737
Bittencourt;Vincent;Porcupint;Porcupint1782@example.org;+33(0)0 85 55 67 37
Corne;Christine;;christine.corne@example.net;+33055588479
Cordonnier;Geoffroy;Stitches;geoffroycordonnier@example.net;+33039181026
Rigal;Élisabeth;;elisabeth_rigal@example.com;+33085551092
Niel;Rosse-Marie;;rose.marieniel@example.net;+33085553361
niel;rose-marie;;rose.marieniel@example.net;+33085553361
Bethune;Laurent;Leaf123;Leaf1238987@example.net;+33055542145
BETHUNE;LAURENT;Leaf123;Leaf1238987@example.net;+33002783218
BRAZIER;GAËTANE;;gaetane.brazier@example.net;+33045553498
Ardouin;Murielle;Piagnome;murielleardouin@example.net;+33055535947
Chabert;Adrienne;;adrienne_chabert@example.net;+330 00 55 57 66
Chabert;Adrienne;;adriennechabert@example.net;+33000555766
Gaudreau;Odile;;odile_gaudreau@example.net;+33085554242
Manaudou;Catherine;;catherinemanaudou@example.net;+33055565849
Cattherine;Manaudou;;catherinemanaudou@example.net;+33055565849
Tourneur;Norbert;;norberttourneur@example.org;+33055516208
Tourneur;Norbert;;norberttourneur@example.org;+33032054734
Tourneur;Norbert;;norbert_tourneur@example.net;+33055516208
al-Guler;Ilyaas;;ilyaas.al.guler@example.net;
;Micheline;;micheline_escoffier@example.net;+33000555373
Laurens;Muriel;;muriellaurens@example.net;+33075555171
Laurens;Murriel;;muriellaurens@example.net;+33075555171
Muriel;Laurens;;muriellaurens@example.net;+33075555171
Bettencourt;Chloé;;chloe_bettencourt@example.com;+33085550834
duhamel;alexia;Dinosaur;Dinosaur53@example.net;+33000555226
Duhamel;Alexia;Dinosaur;Dinosaur53@example.net;+33096426764
Duhamel;Alexia;Dinosaur;Dinosaur53@example.net;+33089724047
Lemoine;Emmeline;;emmeline.lemoine@example.org;+33055516464
Lemoine;Emmeline;;emmeline.lemoine@example.org;00-55-51-64-64
TOURNEUR;RODOLPHE;;rodolphetourneur@example.com;+33000555448
Tourneur;Rodolphe;;rodolphetourneur@example.com;+33000555448
TOURNEUR;RODOLPHE;;rodolphetourneur@example.com;+33000555448
Botrel;Perrine;;perrine.botrel@example.net;+33000555685
Berger;Lambert;;lambertberger@example.net;+33045558211
Berger;Lambert;;lambertberger@example.net;+33047025239
Berger;Lambert;;lambertberger@example.net;+33(0)0 45 55 82 11
THÉVENET;CAMILLE;;camille_thevenet@example.net;+33055555878
thévenet;camille;;camille_thevenet@example.net;+33055555878
Thévenet;Camille;;camille_thevenet@example.net;+33007709351
Noir;Laetitia;;laetitia_noir@example.org;+33055523841
Noir;Laetitia;Laetitia;;+33055523841
Noir;Laetitia;;laetitia_noir@example.org;+33032411564
;Maxence;Lamb;Lamb4518@example.net;+33055554424
Pelletier;Nicolette;;nicolette.pelletier@example.net;+33055528721
Pelletier;Nicolette;;nicolette.pelletier@example.net;+33008161574
Pelletier;Nicolette;;;+33055528721
Malet;Hélène;Chimera;Chimera9358@example.org;+33075552706
Malet;Hélène;Chimera;Chimera9358@example.org;
De Villiers;Rosalie;Wombat;Wombat1470@example.net;00.55.53.80.74
Courvoisier;Marie-Christine;Sheep;Sheep8929@example.net;+33055519626
Courvoisier;Fabien;;fabien.courvoisier@example.org;+33045556906
Courvoisier;Fabbien;;fabien.courvoisier@example.org;+33045556906
About;Axelle;Axelle;axelleabout@example.net;+33000555503
About;Axelle;;axelleabout@example.net;+33000555503
Tiwari;Ajay;;ajay_tiwari@example.org;+330 55 50 61 99
ADNET;DENIS;;denis.adnet@example.com;+33085553214
Robiquet;Édouard;;edouard_robiquet@example.org;+33075554457
Bettencourt;Éloïse;Ogremlin;eloisebettencourt@example.net;+33000555294
Didier;Ménétries;;didier.menetries@example.org;+33000555225
Ménétries;Didier;;didier.menetries@example.org;+330 00 55 52 25
Besnard;Leila;;;+33055562840
Besnard;Leila;;leila_besnard@example.net;+33055562840
Besnard;Leila;;leila_besnard@example.net;
Inès;Passereau;;ines.passereau@example.org;+33055595164
Mallette;Blanche;Droid;blanche.mallette@example.org;+33055551065
;;Droid;blanche.mallette@example.org;+33055551065
;;Droid;blanche.mallette@example.org;+33055551065
Laflèche;Bérénice;Geckoco888;Geckoco8884536@example.com;+33000555882
Marchand;Clélia;;clelia.marchand@example.org;+33000555030
Marchand;Clélia;;clelia.marchand@example.org;+33000555030
CHAUVE;MATHÉO;;matheo.chauve@example.com;+33000555122
Manoury;Pauuline;Pauuline;pauline_manoury@example.org;+33045552485
;Danièle;;daniele.gerin.lajoie@example.com;+33055511986
Gérin-Lajoie;Dannièle;;daniele.gerin.lajoie@example.com;
el-Sultana;Labeeb;Labeeb;labeebel.sultana@example.org;+33055514762
Boudreaux;Jérôme;Gnu;jerome.boudreaux@example.net;+33000555677
;;Gnu;jerome.boudreaux@example.net;+33000555677
;;Gnu;jerome.boudreaux@example.net;+33000555677
Gardet;Solenn;;solenngardet@example.org;+33000555042
Arceneaux;Bastien;Orangutan;bastien.arceneaux@example.net;+33055526553
Arceneaux;Bastien;Orangutan;bastien.arceneaux@example.net;+33055526553
Courbis;Matthias;Matthias;matthias.courbis@example.org;+33000555182
Courbis;Matthias;;matthias.courbis@example.org;+33000555182
Courbis;Matthias;;matthias.courbis@example.org;+33000555182
Clérico;Julienne;;julienneclerico@example.net;+33055507370
Moitessier;Simon;;simon_moitessier@example.org;+33065558750
Moitesier;Simon;;simon_moitessier@example.org;+33065558750
Bourcier;Pierrette;Pierrette;pierrettebourcier@example.org;+33055527716
Asselineau;Cécile;Cécile;Rivalkyrie4591@example.com;+33085558348
;;Rivalkyrie;Rivalkyrie4591@example.com;+33085558348
Asselineau;Cécile;;Rivalkyrie4591@example.com;+33085558348
Marie-Madeleine;Cartier;;marie.madeleine.cartier@example.net;+33055569481
Gardet;Désiré;;desiregardet@example.com;+33085557946
Gardet;Désiré;;desiregardet@example.com;+33085557946
Harris;William;;william_harris@example.com;+33055573405
Harris;William;William;william_harris@example.com;+33055573405
Cazenave;Jean-Loup;;jean.loup_cazenave@example.org;+33035558865
ABADIE;ALBANE;Komodough;albaneabadie@example.org;+33000555834
Reverdin;Léoo;Paladin;Paladin4409@example.net;+33045550603
Reverdin;Léo;;Paladin4409@example.net;+33045550603
;Léo;Paladin;Paladin4409@example.net;+33045550603
;Shukriyya;;shukriyya.el.abed@example.com;+33055557808
Breguet;Ernest;;ernest.breguet@example.org;+33075554544
Vidal;Edmond;;edmondvidal@example.net;+33055597778
Deniau;Blandine;;blandine_deniau@example.net;+33000555453
Allaire;Lucien;Slother;lucien.allaire@example.org;
Issac;Ram;;ram.issac@example.org;+33055586590
Touchard;Georges;;Domignome7087@example.net;+33075555876
Lefrançois;Claudie;;claudie.lefrancois@example.com;00 00 55 55 33
Escoffier;Thierry;;thierry_escoffier@example.com;+33055500605
Escoffier;Thierry;Bot;thierry_escoffier@example.org;+33055500605
Escoffier;Thierry;Bot;thierry_escoffier@example.com;+33081311609
philippon;suzanne;;suzanne.philippon@example.net;+33055502280
Cerci;Ayboga;Walker;Walker7491@example.com;+33000555212
Giraud;Solenn;;solenngiraud@example.org;+33075556656
giraud;solenn;;solenngiraud@example.org;+33075556656
Giraud;Solenn;;solenngiraud@example.org;
;Sylvia;;sylviacourbis@example.net;+33055514177
Courbis;Sylvia;;sylviacourbis@example.net;+330 55 51 41 77
Blevins;Darnell;Darnell;darnell.blevins@example.net;+33045552559
;Lydia;Frog;Frog7281@example.net;+33065557561
;;Frog;Frog7281@example.net;+33065557561
Dutertre;Gwenaëlle;;gwenaelle_dutertre@example.org;+33085554047
Dutertre;Gwenaëlle;;gwenaelle_dutertre@example.org;+33039968929
Dutertre;Gwenaëlle;;gwenaelle_dutertre@example.org;+33029162108
Brugière;Reine;;reine.brugiere@example.com;+33035551858
Nicolas;Abbadie;;nicolasabbadie@example.com;+33055537536
abbadie;nicolas;;nicolasabbadie@example.com;+33(0)0 55 53 75 36
Abbadie;Nicolas;;nicolasabbadie@example.com;
Ouvrard;René;;rene.ouvrard@example.org;+33045556019
Ouvrard;René;René;rene.ouvrard@example.org;+33045556019
Ouvrard;René;;rene.ouvrard@example.org;
Charbonneau;Lara;Crocodino29;Crocodino291900@example.net;
Beaudouin;Benoît;;benoit_beaudouin@example.net;+33000555197
Beaudouin;Benoît;;benoit_beaudouin@example.net;+33099395922
beaudouin;benoît;;benoit_beaudouin@example.net;+33000555197
Thiers;Simonne;;simonne.thiers@example.net;+33035558570
Barnier;Élie;;eliebarnier@example.net;+33045559744
Barnier;Élie;Élie;eliebarnier@example.net;+33045559744
Vaugeois;Joëlle;;joelle_vaugeois@example.com;+33085557596
Vaugeois;Joëlle;;joelle_vaugeois@example.com;+33018512471
Vaugeois;Joëlle;;joelle_vaugeois@example.com;+33052549976
Botrel;Romméo;Demon;Demon3835@example.org;
Batteux;Lucille;Thunder;lucillebatteux@example.com;+33055511273
BHAGAT;GAURI;Spillager;gauri_bhagat@example.net;+33055537882
;;Spirit;Spirit5111@example.org;+33055500223
DUJARDIN;LUDOVIC;Spirit;Spirit5111@example.org;+33055500223
Messier;Véronique;;veroniquemessier@example.org;+33055552031
Messier;Véronique;Véronique;veroniquemessier@example.org;+33055552031
Bonhomme;Jean-Noël;;jean.noelbonhomme@example.com;+33055589050
bonhomme;jean-noël;;jean.noelbonhomme@example.com;+33055589050
Bonhomme;Jean-Noël;;jean.noelbonhomme@example.com;+330.55.58.90.50
;Ameline;;ameline.choffard@example.org;+33055532252
;Ameline;;ameline.choffard@example.org;+33055532252
Renaudin;Olivier;;olivier_renaudin@example.net;+33000555786
Manaudou;Gaylord;;gaylord.manaudou@example.org;+33065555734
Manaudou;Gayylord;;gaylord.manaudou@example.org;+33065555734
lafromboise;romaine;Banditto;Banditto7006@example.org;+33055520502
panno;caronte;Orange94;Orange949041@example.com;+33055569871
Bouthillier;Justine;Wolverival;Wolverival4808@example.com;+33000555791
Tremblay;Léonard;;leonardtremblay@example.net;
Barrande;Gaëlle;;gaelle_barrande@example.org;+33(0)0.75.55.99.79
Plessis;Laëtitia;Laëtitia;laetitia_plessis@example.org;+33000555441
Bacque;Fiona;;fiona_bacque@example.com;+33000555636
BACQUE;FIONA;;fiona.bacque@example.org;+33000555636
el-Noori;Zuraara;;;+33055551777
el-Noori;Zuraara;;;+33055551777
;Zuraara;;zuraara.el.noori@example.com;+33055551777
Alexis;Couvreur;;alexis.couvreur@example.com;+33055550540
Couvreur;Alexis;Alexis;alexis.couvreur@example.com;+33055550540
Gautier;Delafose;;gautier_delafose@example.com;+33035556430
Delafose;Gautier;Gautier;gautier_delafose@example.com;+33035556430
;Gautier;;gautier_delafose@example.com;+33035556430
;Jean;Phoenixia;jean.devillepin@example.org;+33000555837
Jean;De Villepin;Phoenixia;jean.devillepin@example.org;+33000555837
De Villepin;Jean;Jean;jean.devillepin@example.org;+33000555837
Darche;Gaby;Gaby;gaby_darche@example.com;+33045550668
Darche;Gaby;;gaby_darche@example.com;+33045550668
Darche;Gaby;;gaby_darche@example.com;+33045550668
Carbonneau;Rosalie;;rosalie_carbonneau@example.net;+33055588089
Carbonneau;Rosalie;;rosalie_carbonneau@example.net;+33(0)0.55.58.80.89
Lebas;Abelone;;abelone_lebas@example.net;
Girault;Hubert;;hubertgirault@example.org;00.45.55.63.57
Girault;Hubert;;hubertgirault@example.org;+33(0)045556357
Duhamel;Béatrice;;beatrice_duhamel@example.org;+33000555547
Ballesdens;Céleste;;;+33065559771
Ballesdens;Céleste;;celesteballesdens@example.com;+33065559771
Deslys;Lucile;;;+33055509263
Édouard;Lesly;;leslyedouard@example.org;+33075553029
Édouard;Lessly;;leslyedouard@example.org;+33075553029
;Lesly;;leslyedouard@example.org;+33075553029
De Villiers;Jennifer;;;+33055559226
Jennifer;De Villiers;;jenniferdevilliers@example.net;+33055559226
De Villiers;Jennifer;Jennifer;jenniferdevilliers@example.net;+33055559226
DESJARDINS;ALEX;;alex_desjardins@example.net;+33055552413
Héroux;Victoria;;victoria_heroux@example.org;+33065466415
Trintignant;Francis;;francistrintignant@example.net;+33055578595
Trintignant;Francis;;francistrintignant@example.net;+33055578595
Qisma;el-Hasan;;qismael.hasan@example.net;+33000555500
el-Hasan;Qissma;;qismael.hasan@example.net;+33000555500
Beauchamp;Maééva;;maevabeauchamp@example.com;+33000555850
Levett;Élise;Élise;eliselevett@example.net;+33055569296
Barthet;Angeline;Locust;Locust75@example.org;
;;Locust;Locust75@example.org;+33000555017
Sayin;Kizil;Octopirate;kizilsayin@example.com;+33000555196
SAYIN;KIZIL;Octopirate;kizilsayin@example.com;+33000555196
Sayin;Kizil;Octopirate;kizilsayin@example.com;+33000555196
CHARDIN;ALBERTINE;Khajiit;albertinechardin@example.org;+33055582026
Gaubert;Barthélemy;;barthelemygaubert@example.com;
Gaubert;Barthélemy;;barthelemygaubert@example.com;+33046699440
hurst;briley;;brileyhurst@example.org;+33000555302
Affré;Aymeric;Jaguwar;Jaguwar1943@example.net;+33(0)0 55 55 55 31
Munshi;Ishvara;;ishvara.munshi@example.net;+33075550641
Myriam;Dubos;Saladiator;Saladiator4342@example.org;+33055527882
Dubos;Myriam;Saladiator;Saladiator4342@example.org;+33055527882
Rouzet;Anne-Laure;Raspberry;anne.laurerouzet@example.com;+33055556633
Lydia;Gérald;;lydiagerald@example.net;+33055562346
Périer;Régine;;regine.perier@example.com;+33000555204
Périer;Régine;Régine;regine.perier@example.com;+33000555204
Périer;Régine;;regine.perier@example.com;0000555204
Henequin;Irène;;irene_hennequin@example.com;+33000555677
Hennequin;Irène;;;+33000555677
Hennequin;Irène;;irenehennequin@example.org;+33000555677
Florian;Delannoy;;floriandelannoy@example.com;+33055527320
Bruneau;Viviane;Spookworm;viviane.bruneau@example.net;+33015247971
Stéphane;Boissonade;;stephaneboissonade@example.org;+33000555082
Boissonade;Stéphane;;stephaneboissonade@example.org;+33000555082
Redy;Hiranyagarbha;Villain;Villain3002@example.org;+33035557344
reddy;hiranyagarbha;Villain;Villain3002@example.org;+33035557344
lafaille;léonard;;leonardlafaille@example.org;+33000555687
Lafaille;Léonard;;leonardlafaille@example.org;
Lafaile;Léonard;;leonardlafaille@example.org;+33000555687
Guilloux;Sarah;;sarah_guilloux@example.com;+33085552877
GUILLOUX;SARAH;;sarah_guilloux@example.com;+33085552877
Côté;Élééonore;;eleonorecote@example.net;+33000555070
Dutertre;Audrey;;audrey.dutertre@example.org;+33055572690
Dutertre;Audrey;;audreydutertre@example.org;+33055572690
Matthieu;Roselyne;Asprince;;+33055554253
;Thaddée;Rascalf;thaddee_pleimelding@example.net;+33055538944
Pleimelding;Thaddée;Rascalf;;+33055538944
Pleimelding;Thaddée;Rascalf;;+33055538944
Boulanger;Océane;;;+33035553381
delsarte;loup;;loup.delsarte@example.com;+33000555148
Delsarte;Louup;;loup.delsarte@example.com;+33000555148
delsarte;loup;;loup.delsarte@example.com;+33000555148
al-Salam;Hamdoona;;hamdoona.al.salam@example.com;
Millet;Adélie;;adeliemillet@example.org;00 55 55 10 79
Raymond;Hector;;raymond_hector@example.com;+33045551623
De Guignes;Sigolène;;sigolene.deguignes@example.com;+33000555903
Marchant;Arlette;Wrecker;arlette.marchant@example.org;+33028136769
Marchant;Arlette;Wrecker;arlette.marchant@example.org;+33(0)055552511
Marchant;Arlette;Wrecker;arlette.marchant@example.org;+33001552968
Longino;Alesia;;alessia_longino@example.org;+33000555929
Manda;Gatha;;gathamanda@example.com;+330-75-55-72-57
Manda;Gatha;;gathamanda@example.com;+33075557257
Stuart;Muriel;;muriel_stuart@example.org;+33055584296
hennequin;ginette;Ginette;ginette.hennequin@example.net;+33055513233
Cooke;Hugo;;hugo.cooke@example.com;+33003247929
Aveline;Lambert;;lambert_aveline@example.org;+33035558521
Aveline;Lambert;;lambert_aveline@example.org;00-35-55-85-21
Gainsbourg;Alfred;Alfred;alfredgainsbourg@example.org;+33035552685
Willow;Poole;;willow_poole@example.net;+33035550736
Pole;Willow;;willow_poole@example.net;+33(0)0-35-55-07-36
Dupuy;Ghyslaine;;ghyslaine.dupuy@example.com;+33091812729
DUPUY;GHYSLAINE;;ghyslaine.dupuy@example.com;+33055577023
Dupuy;Ghyslaine;;;+33055577023
Vérany;Adrien;;adrien_verany@example.org;+33(0)0 00 55 51 10
Joguet;Gaëtane;;gaetanejoguet@example.net;+33055572705
Lambert;Céleste;;celestelambert@example.org;
Coulomb;Adèle;;adele_coulomb@example.com;+33055533458
Coulomb;Adèle;;adele_coulomb@example.com;+33055533458
Coulomb;Adèle;Adèle;adele_coulomb@example.com;+33055533458
;Yilmaz;;yilmaz_atay@example.org;+33055524232
BARBEAU;HONORINE;Magpiechart;Magpiechart4859@example.net;+33055548225
Barbeau;Honorine;Magpiechart;honorine.barbeau@example.org;+33055548225
Philidor;Lise;Fury;Fury3581@example.org;+33016410055
Philidor;Lise;Fury;Fury3581@example.org;
astier;julia;;julia.astier@example.net;+33045559388
Astier;Julia;Julia;julia.astier@example.net;+33045559388
Kemal;Zekiye;;zekiye.kemal@example.com;+33014671369
Demaret;Aliine;;aline.demaret@example.net;+33000555391
Demaret;Aline;;aline.demaret@example.net;+33019300775
Matthieu;Christiane;;christiane_matthieu@example.net;
Matthieu;Christiane;;christiane_matthieu@example.net;+33(0)0-75-55-55-20
Bertillon;Natacha;GuineaPiggy;natacha.bertillon@example.com;+33055566940
Bertillon;Natacha;GuineaPiggy;;+33055566940
Fournier;Océane;Océane;Goghost9259@example.com;+33000555081
Thibault;Florentin;;florentin_thibault@example.com;+33045551842
Karaca;Turna;;turna_karaca@example.com;+33055537731
AUBERJONOIS;NOËL;;noelauberjonois@example.com;+33055572890
Dragone;Radolfo;;;+33055562593
Chopin;Yolande;;yolandechopin@example.org;+33055554248
laframboise;edgar;;edgar.laframboise@example.com;+33000555532
Gokcen;Reccep;Techy;recepgokcen@example.org;+33000555736
Brassard;Aude;;aude.brassard@example.com;00-55-52-89-61
Brassard;Aude;;aude.brassard@example.com;00.55.52.89.61
Brassard;Aude;;aude.brassard@example.com;+33021284149
Baudet;Eliise;Tsardine;Tsardine8370@example.org;+33055559078
Bescond;Séverin;;severinbescond@example.com;+33075552781
De Guignes;Wilfried;Revenant;wilfried_deguignes@example.net;+33075557059
De Guignes;Wilfried;Revenant;wilfried_deguignes@example.net;+33037396518
De Guignes;Wilfried;Revenant;;+33075557059
Gaume;Remi;Sassassin007;remigaume@example.com;+33(0)0.45.55.61.54
Brunelle;Camille;Camille;camille.brunelle@example.com;+33000555703
Brunelle;Camille;;camille.brunelle@example.com;+33000555703
pierlot;vanessa;Monk;Monk8750@example.org;+33055589083
Du Toit;Gilles;;gilles_dutoit@example.com;+330.00.55.52.42
Du Toit;Gilles;;gilles.dutoit@example.org;+33000555242
Besnard;Amanda;;amanda.besnard@example.com;+33055587491
Wood;Tyler;Ant;Ant9680@example.net;+33085559023
Sylviane;Balzac;;sylviane.balzac@example.net;+33035553812
Balzac;Syllviane;;sylviane.balzac@example.net;+33035553812
Sylviane;Balzac;;sylviane.balzac@example.net;+33035553812
Baschet;Christelle;Christelle;christelle_baschet@example.org;+33055586285
Dembélé;Gabriel;;gabrieldembele@example.com;+33045558249
Lydie;Grinda;;lydie.grinda@example.net;+33000555025
Grinda;Lydie;;lydie.grinda@example.net;+33066016709
Grinda;Lydie;;lydie.grinda@example.net;+33044774149
Boudier;Victor;;victor_boudier@example.net;
BISSONNETTE;VICTOIRE;;victoire.bissonnette@example.org;+33055529543
al-Saad;Shaaheen;Viper;shaaheen.al.saad@example.org;+33000555178
al-Saad;Shaaheen;Viper;Viper9855@example.org;+33000555178
kléber;lise;;lise.kleber@example.org;+33000555249
Brochard;Adrienne;;;+33045558159
Baker;Petter;;peter.baker@example.net;+33000555341
Trottier;Miryam;;miryam_trottier@example.com;+33075551003
Asselin;Clarisse;;;+33055523651
ASSELIN;CLARISSE;;clarisse_asselin@example.org;+33055523651
Passereau;Solange;;;+33085550657
Passereau;Solange;;solange.passereau@example.org;+33085550657
Ram;Rohana;Rohana;rohana_ram@example.org;+33000555727
;;General;jean.charles_devillers@example.com;+33000555063
devillers;jean-charles;General;jean.charles_devillers@example.com;+33000555063
Naudé;Émilienne;;emiliennenaude@example.net;+33075559046
Baumé;Angèle;;angele_baume@example.org;+33000555295
Baumé;Angèle;;angele_baume@example.org;+33000555295
Boffrand;Odile;Odile;odileboffrand@example.org;+33038477747
Bofrand;Odile;;odileboffrand@example.org;+33000088891
Boffrand;Odile;;odileboffrand@example.org;+33027010234
Reverdin;Éric;;eric_reverdin@example.org;
Reverdin;Ériic;;eric_reverdin@example.org;+33055541258
Flore;Joubert;Spook10;Spook103577@example.org;+33055555229
simon;marina;;marina.simon@example.net;+33065557043
Simon;Marina;;marina.simon@example.net;+33065557043
Simon;Marina;;marina.simon@example.net;+33065557043
Aubert;Théo;Critturtle;theo_aubert@example.com;
Rao;Rane;;;+33000555078
Gul;Kuddret;Gerbil;Gerbil3986@example.net;+33055583197
Gul;Kudret;Gerbil;Gerbil3986@example.net;+33055583197
gul;kudret;Gerbil;Gerbil3986@example.net;+33055583197
Bassot;Agathe;;agathe_bassot@example.net;+33055550040
Bassot;Agathe;;agathe_bassot@example.net;+33055550040
bassot;agathe;;agathe_bassot@example.net;+33055550040
MATTHIEU;LARUE;Zebra;matthieularue@example.net;+33000555858
LaRue;Mathieu;Zebra;matthieularue@example.net;+33000555858
Burch;Phoenix;;phoenixburch@example.org;+33045552808
;Burch;;phoenixburch@example.org;+33045552808
BURCH;PHOENIX;;phoenixburch@example.org;+33045552808
al-Tawil;Aseela;;aseelaal.tawil@example.com;+33(0)0-00-55-56-59
Besnard;Yvonne;Yvonne;yvonne_besnard@example.com;+33055521010
Besnard;Yvonne;;yvonne_besnard@example.com;+33055521010
;Yvonne;;yvonne_besnard@example.com;+33055521010
Seyrès;Asttrid;;astrid.seyres@example.net;+33000555091
Seyrès;Astrid;;astrid_seyres@example.org;+33000555091
Seyrès;Astrid;;astrid.seyres@example.net;+33(0)000555091
Chappuis;Danièle;;;+33055598558
Chappuis;Danièle;;danielechappuis@example.com;+33055598558
CHAPPUIS;DANIÈLE;;daniele_chappuis@example.com;+33055598558
;;Champeon;ceciliagaudin@example.com;+33000555298
;Porthos;;porthos.jegou@example.org;+33000555709
jégou;porthos;;porthos.jegou@example.org;+33000555709
Jégou;Porthos;Porthos;porthos.jegou@example.org;+33000555709
Chaney;Jérémy;;Fuguru2346@example.com;+33075554070
Sharpe;Lou;;lou.sharpe@example.org;00 75 55 20 21
Nalci;Tuba;;;+33055589916
Lavaud;Tatiana;Pear623;Pear6235277@example.net;+330.55.52.69.48
Lavaud;Tatiana;;Pear6235277@example.net;+33055526948
Lavaud;Tatiana;Tatiana;Pear6235277@example.net;+33055526948
Lazard;Jean-Marie;;;+33045550496
LAZARD;JEAN-MARIE;;jean.marielazard@example.com;+33045550496
Anne-Sophie;Azéma;;anne.sophieazema@example.net;+33055590950
Baumé;Sébastien;;sebastienbaume@example.com;+33065554882
Baumé;Sébastien;;sebastienbaume@example.com;+33065554882
Baumé;Sébastien;;sebastienbaume@example.com;+33065554882
marchal;chaantal;;chantal_marchal@example.org;+33055512951
Marchal;Chantal;;chantal_marchal@example.org;+33055512951
Mace;Abélia;Lion;;+33055594346
;;Lion;Lion3423@example.com;+33052047006
Brunele;Maximilien;Mutantra;maximilienbrunelle@example.org;+33000555532
Brunelle;Maximilien;Mutantra;;+33000555532
Monteil;Céccile;;cecile_monteil@example.net;+33045550599
;Cécile;;cecile_monteil@example.net;+33045550599
Battier;Alceste;Alceste;alceste.battier@example.com;+33055553524
Chausson;Monique;;monique.chausson@example.net;+33000555087
Erdemir;Cem;Cem;cem.erdemir@example.org;+33055515215
Vannier;Ginette;;ginette_vannier@example.net;+33000555793
Vannier;Ginette;;ginette.vannier@example.com;+33000555793
;Ginette;;ginette.vannier@example.com;+33000555793
VARTY;ANGA;;anga.varty@example.net;+33055559779
gribelin;nancy;Immortal;Immortal7207@example.org;+33000555979
;;Immortal;Immortal7207@example.org;+33000555979
Moitessier;Noëlle;Tauren;noellemoitessier@example.org;00.55.54.04.89
Lecocq;Amélie;;amelie.lecocq@example.net;
Barrande;Clarisse;;clarisse.barrande@example.net;+33(0)0-55-58-12-21
CLARISSE;BARRANDE;;clarisse.barrande@example.net;+33055581221
el-Burki;Abdul Quddoos;Angel;abdulquddoos_el.burki@example.com;+33055513225
Landry;Murielle;;murielle.landry@example.org;+33045556333
Landry;Murielle;;murielle.landry@example.org;+33045556333
Landry;Murielle;;murielle.landry@example.org;
Robillard;Didier;;didierrobillard@example.net;+33075558829
Robillard;Didier;;didierrobillard@example.net;+33075558829
Delannoy;Jean-Marie;Jean-Marie;Doggy7720@example.org;+33000555589
;Auriane;Siren;Siren9115@example.com;+33000555611
De Saint-Pierre;Auriane;Auriane;Siren9115@example.com;+33000555611
;Burak;;burak_ince@example.org;+33000555443
INCE;BURAK;;burak_ince@example.org;+33000555443
Ince;Burak;;burakince@example.net;+33000555443
Dufresne;Grégoire;;gregoire.dufresne@example.org;+33000555949
Gicquel;Valérie;;valerie.gicquel@example.org;+33055529222
Gicquel;Valérie;;valerie.gicquel@example.org;+33055529222
Dufresne;Jonathan;;Bingoblin1146@example.com;+33000555470
Boudet;Odette;;odette_boudet@example.com;+33055560911
Marchal;Émeline;Gnoll;Gnoll4805@example.org;+33045558312
Marchal;Émeeline;Gnoll;Gnoll4805@example.org;+33045558312
Marchal;Émeline;Gnoll;emeline.marchal@example.net;+33045558312
Desmarais;Alberte;;alberte.desmarais@example.com;+33000555341
Didier;Francine;Francine;francinedidier@example.com;+33000555670
Didier;Francine;Sniperipheral;francinedidier@example.com;+33075473548
Pernet;Carole;;carole.pernet@example.com;+33000555172
pernet;carole;;carole.pernet@example.com;+33000555172
Pernet;Carrole;;carole.pernet@example.com;+33000555172
Balzac;Yvonne;Barracuda;yvonnebalzac@example.com;+33000555648
balzac;yvonne;Barracuda;yvonnebalzac@example.com;+33000555648
Balzac;Yvonne;Barracuda;;+33000555648
Bottoni;Quinziano;Unbanshee;quinzianobottoni@example.org;+33055551822
Borino;Ansovino;Gringoliath44;ansovino.borino@example.org;+33000555541
Bethune;Sollène;;solenebethune@example.net;+33000555373
Du Toit;Gwenaëlle;;;+33055578852
Brian;Gwenaël;;gwenaelbrian@example.net;+33000555513
Brian;Gwenaël;;gwenaelbrian@example.net;+33000555513
BRIAN;GWENAËL;;gwenaelbrian@example.net;+33000555513
Hara;Mishra;;hara_mishra@example.org;+33000555999
Pinchon;Fernande;;fernande.pinchon@example.org;+33055524916
Portier;Madeleine;;madeleine.portier@example.com;+33006476553
D'ABOVILLE;HÉLOÏSE;;heloisedaboville@example.net;+33055596077
D'Aboville;Héloïse;;heloisedaboville@example.net;+33055596077
D'Aboville;Héloïse;Héloïse;heloisedaboville@example.net;+33055596077
Marchant;Leslie;;lesliemarchant@example.com;+33046706123
Marchant;Leslie;;lesliemarchant@example.com;+33055589635
Marchant;Leslie;;lesliemarchant@example.com;+33055589635
Guillaume;Gustave;;gustave_guillaume@example.org;+33055551777
Beaufils;José;;jose_beaufils@example.org;+33000555424
;Nadine;Boomer;Boomer1915@example.com;+33(0)0-00-55-50-28
;Paulette;Fellama;Fellama7122@example.org;+33000555066
Moreau;Bertrand;;bertrand.moreau@example.net;0055504221
Jean-Loup;Bousquet;Pumpkin;jean.loup.bousquet@example.net;+33000555289
Bousquet;Jean-Loup;;jean.loup.bousquet@example.net;+33000555289
BURDI;GIANLUIGI;Baboon;Baboon605@example.com;+33055557572
Frère;Roberte;;roberte.frere@example.com;+33055514817
Vernier;Jeanne;;jeanne_vernier@example.org;+33068548618
Ménard;Lorraine;;;+33000555894
Ménard;Lorraine;;lorraine.menard@example.org;+33000555894
Ménard;Lorraine;;lorraine.menard@example.org;+33000555894
Moineau;Fraancine;;francine_moineau@example.org;+33035551671
Iovino;Ottilia;;ottilia_iovino@example.net;
Nicholson;Aubrey;Pirate;Pirate7792@example.com;+33055567826
al-Baig;Salwa;;salwaal.baig@example.net;+33065558717
;Salwa;;salwaal.baig@example.net;+33065558717
;SALWA;;salwaal.baig@example.net;+33065558717
;Georges;;georgesauch@example.net;+33055502092
Auch;Georges;;georgesauch@example.net;
Féret;Jean-Louis;;jean.louisferet@example.org;+33055503238
Bateux;Bernadette;;bernadette_batteux@example.com;+33085554280
Delaplace;Jeaan-Paul;;jean.paul.delaplace@example.net;+33055568287
Beaugendre;Romaine;;romaine.beaugendre@example.org;+33000555081
beaugendre;romaine;;romaine.beaugendre@example.org;+33000555081
Feliciano;Antonello;;antonello.feliciano@example.com;+33055551837
Macina;Moira;Lemon;moira.macina@example.net;+33085553310
Macina;Moira;;Lemon8261@example.org;+33085553310
Dimont;Michel;;michel_dimont@example.org;+33000555801
Dimont;Micchel;;michel_dimont@example.org;+33000555801
Béliveau;Coline;;coline.beliveau@example.com;+33065551816
Hébras;Adeline;;adeline_hebras@example.org;+33085551987
Hébras;Adeline;;adeline_hebras@example.org;+33085551987
Lièvremont;Jean-Louis;Gibbonbon;jean.louislievremont@example.net;+33055531878
;;Gibbonbon;jean.louis.lievremont@example.com;+33055531878
Lièvremont;Jean-Louis;Gibbonbon;;+33055531878
Baillairgé;Catherine;;catherine_baillairge@example.com;+33(0)0-00-55-50-58
Leclère;Clément;;clement_leclere@example.com;+33055525410
